Website,Company Name,Industry,Industry Vertical,Executive Stability Risk,Deal Complexity Assessment,Competitive Context Analysis,Account Owner
salesforce.com,Salesforce Inc,Cloud Software,Customer Relationship Management,Low - Stable C-suite with avg 4.2 years tenure,Complex - Enterprise deals avg $500K+ with 8-12 stakeholders across IT and business units,Market Leader - 19.8% CRM market share with strong competitive moats against Microsoft and Oracle,Dan Mirolli
microsoft.com,Microsoft Corporation,Enterprise Software,Productivity and Collaboration,Low - Established leadership team with proven track record,Enterprise - Multi-product deals avg $2M+ requiring board approval and extensive procurement,Dominant Player - Market leader across multiple categories with ecosystem lock-in advantages,Sarah Chen
adobe.com,Adobe Inc,Creative Software,Digital Media and Marketing,Medium - Recent CFO transition but strong operational continuity,Complex - Creative Cloud enterprise deals avg $300K+ with creative and marketing stakeholder alignment,Market Leader - 60%+ creative software market share with subscription model competitive advantage,Mike Rodriguez
hubspot.com,HubSpot Inc,Marketing Automation,Inbound Marketing and Sales,Low - Strong leadership stability with founder involvement,Moderate - Mid-market deals avg $50K-200K with marketing and sales team buy-in,Growth Leader - Fastest growing in marketing automation against Marketo and Pardot competition,Lisa Wang
zoom.us,Zoom Video Communications,Video Communications,Unified Communications,Low - Experienced leadership team with pandemic-proven execution,Simple - Standardized pricing with IT decision makers and minimal customization,Category Leader - 40%+ video conferencing market share defending against Microsoft Teams,Alex Thompson
shopify.com,Shopify Inc,E-commerce Platform,Commerce Infrastructure,Medium - Recent executive changes but strong product-market fit,Moderate - E-commerce deals avg $100K-500K with technical and business stakeholder alignment,Platform Leader - 10%+ of all e-commerce with strong developer ecosystem vs Amazon and BigCommerce,Jennifer Davis
atlassian.com,Atlassian Corporation,Developer Tools,Software Development and Collaboration,Low - Founder-led with stable executive team,Complex - Enterprise deals avg $200K+ requiring developer and IT management buy-in,Category Leader - Dominant in developer collaboration tools with strong network effects,David Kim
twilio.com,Twilio Inc,Communications Platform,API and Developer Infrastructure,Medium - Leadership transitions amid market challenges,Complex - API platform deals avg $150K+ with developer and business stakeholder education,Platform Leader - Leading CPaaS provider competing against Amazon Connect and Vonage,Maria Garcia
datadog.com,Datadog Inc,Monitoring Platform,Application Performance Monitoring,Low - Stable leadership with strong growth execution,Moderate - Observability deals avg $100K-300K with DevOps and SRE team alignment,Growth Leader - Fastest growing APM vendor against New Relic and Splunk competition,Robert Johnson
snowflake.com,Snowflake Inc,Data Cloud,Data Warehousing and Analytics,Low - Experienced leadership team with proven cloud data expertise,Enterprise - Data platform deals avg $500K+ requiring data engineering and analytics stakeholder buy-in,Category Disruptor - Leading cloud data platform disrupting traditional vendors like Oracle and Teradata,Emily Brown
